A1,B1,H1,dH1,A2,B2,H2,dH2,C,D,err_A1,err_B1,err_H1,err_dH1,err_A2,err_B2,err_H2,err_dH2,err_C,err_D,R2,RMSE,success,model
-2.753987306615592,4.0656845642081345,158.94034048596095,0.35182506956883425,2.545728788975211,-2.776655504322201,159.4162525430048,0.34693573074049056,1.444823210666534,-0.009239146074756502,0.6822452058324004,0.9260389425195386,0.03997304855243963,0.03932246973695887,1.0125321187259178,0.5505503993099267,0.05224760287336936,0.050178523239312156,0.6243163971566063,0.0038845829853577036,0.9506703095899719,0.1596502127145505,True,double_asymmetric_lorentzian
