A1,B1,H1,dH1,A2,B2,H2,dH2,C,D,err_A1,err_B1,err_H1,err_dH1,err_A2,err_B2,err_H2,err_dH2,err_C,err_D,R2,RMSE,success,model
-147.52839110140744,337.8048504199277,318.62215012917767,0.5275161409640157,148.37016164909264,-338.0103323808475,318.62704006625717,0.5260026814352309,0.2100866693297304,-0.000836621987843955,1103535.9874072718,1143560.125569251,7.6595765373040114,7.972251428145349,1110115.9986872035,1139843.8619161968,7.612653205954427,7.954779537977842,0.6160854547805217,0.001898406442235443,0.92416325726804,0.14997079493291043,True,double_asymmetric_lorentzian
