H_res,dH,amp,offset,err_H_res,err_dH,err_amp,err_offset,R2,RMSE,success,model
222.18270533435788,0.8455863532531621,-0.5322341462827777,-0.02426004660391909,0.04776022756760872,0.1909814569439479,0.2082248190868379,0.07611279304528142,0.1509040974469983,0.9228183989285347,True,lorentzian
