sample,f,db,index,model,r2,success,redchi,A1,A1_err,B1,B1_err,H01,H01_err,dH1,dH1_err,A2,A2_err,B2,B2_err,H02,H02_err,dH2,dH2_err,C,C_err,D,D_err,description
AZ5,10,-10,,double_lorentzain,0.9936847922597412,True,0.012513406444542555,-3.0745965557963286,0.044229233553064136,1.1979564229363118,0.0638331480256893,254.75212113714522,0.005973904924911945,0.5135222788820758,0.006070303587441806,-0.1631500196740038,0.050592965358307616,-0.20608043456963362,0.04435328639015754,252.61621099457668,0.04931088700012366,0.38898443965384544,0.04979743326030193,-1.566877713155144,1.2200022963871147,0.00597128819813257,0.0047976994242745884,AZ5_f10GHz_m10dB_2_processed.csv
