A1,B1,H1,dH1,A2,B2,H2,dH2,C,D,err_A1,err_B1,err_H1,err_dH1,err_A2,err_B2,err_H2,err_dH2,err_C,err_D,R2,RMSE,success,model
-638.5945593332924,-1355.232468076228,191.1053327846794,0.5216515877592622,639.267846011175,1357.0418680608184,191.10430517635496,0.5214207714831424,3.7740202597831414,-0.020327064719164276,3376716.599019266,6821946.095360937,1.8861603019676147,1.8902067435378445,3381206.4786501485,6816368.950058576,1.8936350850757546,1.8923527893337797,1.570334049863426,0.008390080235603526,0.9354236664994896,0.1657961696037424,True,double_asymmetric_lorentzian
