sample,f,db,index,model,r2,success,redchi,A1,A1_err,B1,B1_err,H01,H01_err,dH1,dH1_err,A2,A2_err,B2,B2_err,H02,H02_err,dH2,dH2_err,C,C_err,D,D_err,description
AZ5,5,-30,,double_lorentzain,0.6667618021240492,True,0.00035278760678138834,-0.004986835614812328,0.01107554949756369,0.0482705870311041,0.00633427775792637,100.23369459761251,0.061129592062519146,0.4689944092355681,0.059560460992747664,-0.0036885230686161167,0.008354463108897826,-0.0195681908427185,0.010917337723496625,102.01018371252316,0.030136792290457234,0.05993197138623507,0.008874876918431007,-0.09551250609155418,0.13005870719644233,0.000518253321289639,0.0012893534334368134,AZ5_f5GHz_m30dB_2_processed.csv
