sample,f,db,index,model,r2,success,redchi,A1,A1_err,B1,B1_err,H01,H01_err,dH1,dH1_err,A2,A2_err,B2,B2_err,H02,H02_err,dH2,dH2_err,C,C_err,D,D_err,description
AZ5,13,-10,,double_lorentzain,0.9852436722933392,True,0.012159855479226933,-2.1105240361049096,0.05600906323986781,2.2300385758906507,0.054050388628588436,353.0374216731554,0.006683852876694633,0.5315347489519199,0.006676274946849465,0.13313802447155096,0.07205519876064483,-0.5871068953521251,0.04392298788171721,350.5589464618868,0.04314871010936197,0.6203093525044262,0.04287446541724942,-2.871762678813365,0.5728401623544167,0.008014756214393058,0.0016249324500491164,AZ5_f13GHz_m10dB_2_processed.csv
