A1,B1,H1,dH1,A2,B2,H2,dH2,C,D,err_A1,err_B1,err_H1,err_dH1,err_A2,err_B2,err_H2,err_dH2,err_C,err_D,R2,RMSE,success,model
-59.03722404338209,-95.38527330314523,100.40591671720182,0.5346228492038813,59.06151801401773,95.5325746963339,100.40405582423776,0.5349035181234396,0.347574925581684,-0.003916818457638144,1003782.4869357137,1645996.590228794,12.652790940784598,10.020668137456921,1005126.0501789727,1642825.8629429908,12.670063995007405,10.042099360784894,0.4479568660510495,0.004431077162517781,0.9108010312146542,0.028276399997174746,True,double_asymmetric_lorentzian
