A1,B1,H1,dH1,A2,B2,H2,dH2,C,D,err_A1,err_B1,err_H1,err_dH1,err_A2,err_B2,err_H2,err_dH2,err_C,err_D,R2,RMSE,success,model
5.359969357294181,5.621761563049194,221.5527385274917,0.23946404887013678,0.12509729862756538,-1.27633618552828,219.04714292615927,1.821826239742816,-6.46063718040278,0.02811215673529858,0.30103479549290446,0.31368553372389585,0.012688055835739339,0.012530559053164941,0.30241491667935283,0.11368216365222959,0.3546139913364883,0.3221533340702017,2.2387152229864626,0.00983402641282543,0.9304388096297639,0.26413221592413644,True,double_asymmetric_lorentzian
