sample,f,db,index,model,r2,success,redchi,A1,A1_err,B1,B1_err,H01,H01_err,dH1,dH1_err,A2,A2_err,B2,B2_err,H02,H02_err,dH2,dH2_err,C,C_err,D,D_err,description
AZ5,5,-20,,double_lorentzain,0.9012425882871489,True,0.0010696577814394879,-0.0198311800721376,0.021806374424532808,0.1974692373156023,0.012022997853447891,100.28356588737068,0.03313815547521819,0.540874630391997,0.032430919154681874,-0.03460668291803824,0.31082494954502354,0.07181058763800219,0.659156136410486,104.68651201931908,0.5236744581033848,0.21860530746857132,0.8039055292284935,-1.2316474288242976,0.4477313850131531,0.01194305174833765,0.004520095127976004,AZ5_f5GHz_m20dB_1_processed.csv
