A1,B1,H1,dH1,A2,B2,H2,dH2,C,D,err_A1,err_B1,err_H1,err_dH1,err_A2,err_B2,err_H2,err_dH2,err_C,err_D,R2,RMSE,success,model
791.953933445359,-1192.4110736370933,128.33086640671192,0.5142743900218191,-791.7557342165477,1192.4318695862498,128.32891417314886,0.514758570459754,1.1462547774618688,-0.00880789519393256,6157857.504264168,9501874.296069883,5.323250937953002,5.905235303082367,6142037.748458399,9516699.777077146,5.358489863605464,5.890373546192073,0.41493593334738615,0.0031363631242438262,0.9191396767726026,0.21944156147207233,True,double_asymmetric_lorentzian
