A1,B1,H1,dH1,A2,B2,H2,dH2,C,D,err_A1,err_B1,err_H1,err_dH1,err_A2,err_B2,err_H2,err_dH2,err_C,err_D,R2,RMSE,success,model
5.904887067906609,-1.9539209087719303,255.0042814682022,0.34290441295039104,-5.165184186083175,2.931061371555525,254.52683384256022,0.39756673194410413,5.665444245518652,-0.022404542240506517,0.8103494468263829,0.8151110767889701,0.02889881609378593,0.029626995111625146,0.537332684985807,0.9516725433706534,0.03246815422975008,0.03508497317350512,2.5374956168521314,0.009990390285394104,0.9905549021340393,0.12748595968583162,True,double_asymmetric_lorentzian
