A1,B1,H1,dH1,A2,B2,H2,dH2,C,D,err_A1,err_B1,err_H1,err_dH1,err_A2,err_B2,err_H2,err_dH2,err_C,err_D,R2,RMSE,success,model
2.400870679123295,0.8150122617110386,287.67358519969946,0.20562936126346765,-1.1477724083648908,1.8343929497719789,285.3746620992452,0.17594201071019122,8.965216518612506,-0.031543353522717484,0.14463781182587582,0.17901432508480786,0.018860917262252495,0.01791488481667025,0.18240167462559773,0.16204614766091235,0.0194710921407587,0.02009948269970143,2.079146741310475,0.007277003547731132,0.9308441611534952,0.15023966710245867,True,double_asymmetric_lorentzian
